{"cameraMode":{"drawMode":0,"name":"Shaded","section":"Shading Mode"},"sceneLighting":true,"audioPlay":false,"sceneViewState":{"showFog":false,"showMaterialUpdate":true,"showSkybox":true,"showFlares":true,"showImageEffects":true,"showParticleSystems":true},"in2DMode":false,"pivot":{"x":17.06406021118164,"y":7.948173999786377,"z":15.000137329101563},"rotation":{"x":-0.2024783045053482,"y":0.7065334320068359,"z":-0.22345051169395448,"w":-0.6402209997177124},"size":22.0,"orthographic":false}