{"cameraMode":{"drawMode":0,"name":"Shaded","section":"Shading Mode"},"sceneLighting":true,"audioPlay":false,"sceneViewState":{"showFog":false,"showMaterialUpdate":true,"showSkybox":true,"showFlares":true,"showImageEffects":true,"showParticleSystems":true},"in2DMode":false,"pivot":{"x":-55.05982208251953,"y":-45.196250915527347,"z":25.054365158081056},"rotation":{"x":-0.18862776458263398,"y":0.6535995602607727,"z":-0.17310069501399995,"w":-0.7122242450714111},"size":104.50223541259766,"orthographic":false}