{"cameraMode":{"drawMode":0,"name":"Shaded","section":"Shading Mode"},"sceneLighting":false,"audioPlay":false,"sceneViewState":{"showFog":false,"showMaterialUpdate":true,"showSkybox":true,"showFlares":true,"showImageEffects":true,"showParticleSystems":true},"in2DMode":false,"pivot":{"x":9.959203720092774,"y":2.1572721004486086,"z":9.700064659118653},"rotation":{"x":0.12534011900424958,"y":0.6568761467933655,"z":-0.1120147556066513,"w":0.7350212931632996},"size":1.761476993560791,"orthographic":false}