{"cameraMode":{"drawMode":0,"name":"Shaded","section":"Shading Mode"},"sceneLighting":false,"audioPlay":false,"sceneViewState":{"showFog":false,"showMaterialUpdate":true,"showSkybox":true,"showFlares":true,"showImageEffects":true,"showParticleSystems":true},"in2DMode":false,"pivot":{"x":10.240524291992188,"y":4.732978820800781,"z":14.000018119812012},"rotation":{"x":-0.2024783045053482,"y":0.7065334320068359,"z":-0.22345051169395448,"w":-0.6402209997177124},"size":3.018843650817871,"orthographic":false}